Genotype,Condition,Date,Sex,Number,CyO,Characteristics,Tube,Line,Gene_name,Fbgn_ID,Regulation,
1,RU_0,30_01,female,18,,Male yellow eyes,1,28038,nAChRbeta2,FBgn0004118,RNAi,
1,RU_0,30_01,female,36,,Male yellow eyes,2,28038,nAChRbeta2,FBgn0004118,RNAi,
1,RU_0,30_01,female,49,,Male yellow eyes,3,28038,nAChRbeta2,FBgn0004118,RNAi,
1,RU_0,30_01,female,5,,Male yellow eyes,4,28038,nAChRbeta2,FBgn0004118,RNAi,
1,RU_0,30_01,female,33,,Male yellow eyes,5,28038,nAChRbeta2,FBgn0004118,RNAi,
1,RU_0,1_02,female,39,,Male yellow eyes,1,28038,nAChRbeta2,FBgn0004118,RNAi,
1,RU_0,1_02,female,34,,Male yellow eyes,2,28038,nAChRbeta2,FBgn0004118,RNAi,
1,RU_0,1_02,female,20,,Male yellow eyes,3,28038,nAChRbeta2,FBgn0004118,RNAi,
1,RU_0,1_02,female,31,,Male yellow eyes,4,28038,nAChRbeta2,FBgn0004118,RNAi,
1,RU_0,1_02,female,26,,Male yellow eyes,5,28038,nAChRbeta2,FBgn0004118,RNAi,
1,RU_0,5_02,female,15,,Male yellow eyes,1,28038,nAChRbeta2,FBgn0004118,RNAi,
1,RU_0,5_02,female,14,,Male yellow eyes,2,28038,nAChRbeta2,FBgn0004118,RNAi,
1,RU_0,5_02,female,25,,Male yellow eyes,3,28038,nAChRbeta2,FBgn0004118,RNAi,
1,RU_0,5_02,female,16,,Male yellow eyes,4,28038,nAChRbeta2,FBgn0004118,RNAi,
1,RU_0,5_02,female,28,,Male yellow eyes,5,28038,nAChRbeta2,FBgn0004118,RNAi,
1,RU_0,30_01,male,9,,Male yellow eyes,1,28038,nAChRbeta2,FBgn0004118,RNAi,
1,RU_0,30_01,male,21,,Male yellow eyes,2,28038,nAChRbeta2,FBgn0004118,RNAi,
1,RU_0,30_01,male,33,,Male yellow eyes,3,28038,nAChRbeta2,FBgn0004118,RNAi,
1,RU_0,30_01,male,1,,Male yellow eyes,4,28038,nAChRbeta2,FBgn0004118,RNAi,
1,RU_0,30_01,male,40,,Male yellow eyes,5,28038,nAChRbeta2,FBgn0004118,RNAi,
1,RU_0,1_02,male,40,,Male yellow eyes,1,28038,nAChRbeta2,FBgn0004118,RNAi,
1,RU_0,1_02,male,31,,Male yellow eyes,2,28038,nAChRbeta2,FBgn0004118,RNAi,
1,RU_0,1_02,male,26,,Male yellow eyes,3,28038,nAChRbeta2,FBgn0004118,RNAi,
1,RU_0,1_02,male,28,,Male yellow eyes,4,28038,nAChRbeta2,FBgn0004118,RNAi,
1,RU_0,1_02,male,31,,Male yellow eyes,5,28038,nAChRbeta2,FBgn0004118,RNAi,
1,RU_0,5_02,male,21,,Male yellow eyes,1,28038,nAChRbeta2,FBgn0004118,RNAi,
1,RU_0,5_02,male,20,,Male yellow eyes,2,28038,nAChRbeta2,FBgn0004118,RNAi,
1,RU_0,5_02,male,29,,Male yellow eyes,3,28038,nAChRbeta2,FBgn0004118,RNAi,
1,RU_0,5_02,male,29,,Male yellow eyes,4,28038,nAChRbeta2,FBgn0004118,RNAi,
1,RU_0,5_02,male,33,,Male yellow eyes,5,28038,nAChRbeta2,FBgn0004118,RNAi,
1,RU_20,30_01,female,16,,Male yellow eyes,1,28038,nAChRbeta2,FBgn0004118,RNAi,
1,RU_20,30_01,female,51,,Male yellow eyes,2,28038,nAChRbeta2,FBgn0004118,RNAi,
1,RU_20,30_01,female,17,,Male yellow eyes,3,28038,nAChRbeta2,FBgn0004118,RNAi,
1,RU_20,30_01,female,15,,Male yellow eyes,4,28038,nAChRbeta2,FBgn0004118,RNAi,
1,RU_20,30_01,female,,,Male yellow eyes,5,28038,nAChRbeta2,FBgn0004118,RNAi,
1,RU_20,1_02,female,28,,Male yellow eyes,1,28038,nAChRbeta2,FBgn0004118,RNAi,
1,RU_20,1_02,female,5,,Male yellow eyes,2,28038,nAChRbeta2,FBgn0004118,RNAi,
1,RU_20,1_02,female,13,,Male yellow eyes,3,28038,nAChRbeta2,FBgn0004118,RNAi,
1,RU_20,1_02,female,33,,Male yellow eyes,4,28038,nAChRbeta2,FBgn0004118,RNAi,
1,RU_20,1_02,female,29,,Male yellow eyes,5,28038,nAChRbeta2,FBgn0004118,RNAi,
1,RU_20,5_02,female,9,,Male yellow eyes,1,28038,nAChRbeta2,FBgn0004118,RNAi,
1,RU_20,5_02,female,28,,Male yellow eyes,2,28038,nAChRbeta2,FBgn0004118,RNAi,
1,RU_20,5_02,female,3,,Male yellow eyes,3,28038,nAChRbeta2,FBgn0004118,RNAi,
1,RU_20,5_02,female,15,,Male yellow eyes,4,28038,nAChRbeta2,FBgn0004118,RNAi,
1,RU_20,5_02,female,8,,Male yellow eyes,5,28038,nAChRbeta2,FBgn0004118,RNAi,
1,RU_20,30_01,male,9,,Male yellow eyes,1,28038,nAChRbeta2,FBgn0004118,RNAi,
1,RU_20,30_01,male,43,,Male yellow eyes,2,28038,nAChRbeta2,FBgn0004118,RNAi,
1,RU_20,30_01,male,15,,Male yellow eyes,3,28038,nAChRbeta2,FBgn0004118,RNAi,
1,RU_20,30_01,male,9,,Male yellow eyes,4,28038,nAChRbeta2,FBgn0004118,RNAi,
1,RU_20,30_01,male,,,Male yellow eyes,5,28038,nAChRbeta2,FBgn0004118,RNAi,
1,RU_20,1_02,male,11,,Male yellow eyes,1,28038,nAChRbeta2,FBgn0004118,RNAi,
1,RU_20,1_02,male,2,,Male yellow eyes,2,28038,nAChRbeta2,FBgn0004118,RNAi,
1,RU_20,1_02,male,10,,Male yellow eyes,3,28038,nAChRbeta2,FBgn0004118,RNAi,
1,RU_20,1_02,male,21,,Male yellow eyes,4,28038,nAChRbeta2,FBgn0004118,RNAi,
1,RU_20,1_02,male,15,,Male yellow eyes,5,28038,nAChRbeta2,FBgn0004118,RNAi,
1,RU_20,5_02,male,6,,Male yellow eyes,1,28038,nAChRbeta2,FBgn0004118,RNAi,
1,RU_20,5_02,male,23,,Male yellow eyes,2,28038,nAChRbeta2,FBgn0004118,RNAi,
1,RU_20,5_02,male,9,,Male yellow eyes,3,28038,nAChRbeta2,FBgn0004118,RNAi,
1,RU_20,5_02,male,4,,Male yellow eyes,4,28038,nAChRbeta2,FBgn0004118,RNAi,
1,RU_20,5_02,male,5,,Male yellow eyes,5,28038,nAChRbeta2,FBgn0004118,RNAi,
2,RU_0,30_01,female,30,,Male yellow eyes,1,27514,put,FBgn0003169,RNAi,
2,RU_0,30_01,female,22,,Male yellow eyes,2,27514,put,FBgn0003169,RNAi,
2,RU_0,30_01,female,23,,Male yellow eyes,3,27514,put,FBgn0003169,RNAi,
2,RU_0,30_01,female,38,,Male yellow eyes,4,27514,put,FBgn0003169,RNAi,
2,RU_0,30_01,female,3,,Male yellow eyes,5,27514,put,FBgn0003169,RNAi,
2,RU_0,1_02,female,30,,Male yellow eyes,1,27514,put,FBgn0003169,RNAi,
2,RU_0,1_02,female,23,,Male yellow eyes,2,27514,put,FBgn0003169,RNAi,
2,RU_0,1_02,female,45,,Male yellow eyes,3,27514,put,FBgn0003169,RNAi,
2,RU_0,1_02,female,38,,Male yellow eyes,4,27514,put,FBgn0003169,RNAi,
2,RU_0,1_02,female,57,,Male yellow eyes,5,27514,put,FBgn0003169,RNAi,
2,RU_0,5_02,female,28,,Male yellow eyes,1,27514,put,FBgn0003169,RNAi,
2,RU_0,5_02,female,26,,Male yellow eyes,2,27514,put,FBgn0003169,RNAi,
2,RU_0,5_02,female,18,,Male yellow eyes,3,27514,put,FBgn0003169,RNAi,
2,RU_0,5_02,female,22,,Male yellow eyes,4,27514,put,FBgn0003169,RNAi,
2,RU_0,5_02,female,28,,Male yellow eyes,5,27514,put,FBgn0003169,RNAi,
2,RU_0,30_01,male,28,,Male yellow eyes,1,27514,put,FBgn0003169,RNAi,
2,RU_0,30_01,male,30,,Male yellow eyes,2,27514,put,FBgn0003169,RNAi,
2,RU_0,30_01,male,12,,Male yellow eyes,3,27514,put,FBgn0003169,RNAi,
2,RU_0,30_01,male,41,,Male yellow eyes,4,27514,put,FBgn0003169,RNAi,
2,RU_0,30_01,male,3,,Male yellow eyes,5,27514,put,FBgn0003169,RNAi,
2,RU_0,1_02,male,33,,Male yellow eyes,1,27514,put,FBgn0003169,RNAi,
2,RU_0,1_02,male,41,,Male yellow eyes,2,27514,put,FBgn0003169,RNAi,
2,RU_0,1_02,male,28,,Male yellow eyes,3,27514,put,FBgn0003169,RNAi,
2,RU_0,1_02,male,48,,Male yellow eyes,4,27514,put,FBgn0003169,RNAi,
2,RU_0,1_02,male,53,,Male yellow eyes,5,27514,put,FBgn0003169,RNAi,
2,RU_0,5_02,male,29,,Male yellow eyes,1,27514,put,FBgn0003169,RNAi,
2,RU_0,5_02,male,24,,Male yellow eyes,2,27514,put,FBgn0003169,RNAi,
2,RU_0,5_02,male,35,,Male yellow eyes,3,27514,put,FBgn0003169,RNAi,result
2,RU_0,5_02,male,35,,Male yellow eyes,4,27514,put,FBgn0003169,RNAi,
2,RU_0,5_02,male,37,,Male yellow eyes,5,27514,put,FBgn0003169,RNAi,
2,RU_20,30_01,female,27,,Male yellow eyes,1,27514,put,FBgn0003169,RNAi,
2,RU_20,30_01,female,44,,Male yellow eyes,2,27514,put,FBgn0003169,RNAi,
2,RU_20,30_01,female,,,Male yellow eyes,3,27514,put,FBgn0003169,RNAi,
2,RU_20,30_01,female,19,,Male yellow eyes,4,27514,put,FBgn0003169,RNAi,
2,RU_20,30_01,female,22,,Male yellow eyes,5,27514,put,FBgn0003169,RNAi,
2,RU_20,1_02,female,14,,Male yellow eyes,1,27514,put,FBgn0003169,RNAi,
2,RU_20,1_02,female,7,,Male yellow eyes,2,27514,put,FBgn0003169,RNAi,
2,RU_20,1_02,female,23,,Male yellow eyes,3,27514,put,FBgn0003169,RNAi,
2,RU_20,1_02,female,21,,Male yellow eyes,4,27514,put,FBgn0003169,RNAi,
2,RU_20,1_02,female,28,,Male yellow eyes,5,27514,put,FBgn0003169,RNAi,
2,RU_20,5_02,female,11,,Male yellow eyes,1,27514,put,FBgn0003169,RNAi,
2,RU_20,5_02,female,22,,Male yellow eyes,2,27514,put,FBgn0003169,RNAi,
2,RU_20,5_02,female,17,,Male yellow eyes,3,27514,put,FBgn0003169,RNAi,
2,RU_20,5_02,female,28,,Male yellow eyes,4,27514,put,FBgn0003169,RNAi,
2,RU_20,5_02,female,14,,Male yellow eyes,5,27514,put,FBgn0003169,RNAi,
2,RU_20,30_01,male,23,,Male yellow eyes,1,27514,put,FBgn0003169,RNAi,
2,RU_20,30_01,male,26,,Male yellow eyes,2,27514,put,FBgn0003169,RNAi,
2,RU_20,30_01,male,,,Male yellow eyes,3,27514,put,FBgn0003169,RNAi,
2,RU_20,30_01,male,29,,Male yellow eyes,4,27514,put,FBgn0003169,RNAi,
2,RU_20,30_01,male,3,,Male yellow eyes,5,27514,put,FBgn0003169,RNAi,
2,RU_20,1_02,male,14,,Male yellow eyes,1,27514,put,FBgn0003169,RNAi,
2,RU_20,1_02,male,9,,Male yellow eyes,2,27514,put,FBgn0003169,RNAi,
2,RU_20,1_02,male,16,,Male yellow eyes,3,27514,put,FBgn0003169,RNAi,
2,RU_20,1_02,male,14,,Male yellow eyes,4,27514,put,FBgn0003169,RNAi,
2,RU_20,1_02,male,26,,Male yellow eyes,5,27514,put,FBgn0003169,RNAi,
2,RU_20,5_02,male,7,,Male yellow eyes,1,27514,put,FBgn0003169,RNAi,
2,RU_20,5_02,male,27,,Male yellow eyes,2,27514,put,FBgn0003169,RNAi,
2,RU_20,5_02,male,16,,Male yellow eyes,3,27514,put,FBgn0003169,RNAi,
2,RU_20,5_02,male,9,,Male yellow eyes,4,27514,put,FBgn0003169,RNAi,
2,RU_20,5_02,male,4,,Male yellow eyes,5,27514,put,FBgn0003169,RNAi,
3,RU_0,30_01,female,,,light orange eyes,1,36270,rl,FBgn0003256,Over-expression,
3,RU_0,30_01,female,23,,light orange eyes,2,36270,rl,FBgn0003256,Over-expression,
3,RU_0,30_01,female,15,,light orange eyes,3,36270,rl,FBgn0003256,Over-expression,
3,RU_0,30_01,female,12,,light orange eyes,4,36270,rl,FBgn0003256,Over-expression,
3,RU_0,30_01,female,9,,light orange eyes,5,36270,rl,FBgn0003256,Over-expression,
3,RU_0,1_02,female,30,,light orange eyes,1,36270,rl,FBgn0003256,Over-expression,
3,RU_0,1_02,female,49,,light orange eyes,2,36270,rl,FBgn0003256,Over-expression,
3,RU_0,1_02,female,48,,light orange eyes,3,36270,rl,FBgn0003256,Over-expression,
3,RU_0,1_02,female,51,,light orange eyes,4,36270,rl,FBgn0003256,Over-expression,
3,RU_0,1_02,female,44,,light orange eyes,5,36270,rl,FBgn0003256,Over-expression,
3,RU_0,5_02,female,24,,light orange eyes,1,36270,rl,FBgn0003256,Over-expression,
3,RU_0,5_02,female,38,,light orange eyes,2,36270,rl,FBgn0003256,Over-expression,
3,RU_0,5_02,female,22,,light orange eyes,3,36270,rl,FBgn0003256,Over-expression,
3,RU_0,5_02,female,37,,light orange eyes,4,36270,rl,FBgn0003256,Over-expression,
3,RU_0,5_02,female,22,,light orange eyes,5,36270,rl,FBgn0003256,Over-expression,
3,RU_0,30_01,male,,,light orange eyes,1,36270,rl,FBgn0003256,Over-expression,
3,RU_0,30_01,male,17,,light orange eyes,2,36270,rl,FBgn0003256,Over-expression,
3,RU_0,30_01,male,6,,light orange eyes,3,36270,rl,FBgn0003256,Over-expression,
3,RU_0,30_01,male,4,,light orange eyes,4,36270,rl,FBgn0003256,Over-expression,
3,RU_0,30_01,male,5,,light orange eyes,5,36270,rl,FBgn0003256,Over-expression,
3,RU_0,1_02,male,25,,light orange eyes,1,36270,rl,FBgn0003256,Over-expression,
3,RU_0,1_02,male,31,,light orange eyes,2,36270,rl,FBgn0003256,Over-expression,
3,RU_0,1_02,male,46,,light orange eyes,3,36270,rl,FBgn0003256,Over-expression,
3,RU_0,1_02,male,35,,light orange eyes,4,36270,rl,FBgn0003256,Over-expression,
3,RU_0,1_02,male,41,,light orange eyes,5,36270,rl,FBgn0003256,Over-expression,
3,RU_0,5_02,male,25,,light orange eyes,1,36270,rl,FBgn0003256,Over-expression,
3,RU_0,5_02,male,23,,light orange eyes,2,36270,rl,FBgn0003256,Over-expression,
3,RU_0,5_02,male,13,,light orange eyes,3,36270,rl,FBgn0003256,Over-expression,
3,RU_0,5_02,male,27,,light orange eyes,4,36270,rl,FBgn0003256,Over-expression,
3,RU_0,5_02,male,21,,light orange eyes,5,36270,rl,FBgn0003256,Over-expression,
3,RU_20,30_01,female,,,light orange eyes,1,36270,rl,FBgn0003256,Over-expression,
3,RU_20,30_01,female,17,,light orange eyes,2,36270,rl,FBgn0003256,Over-expression,
3,RU_20,30_01,female,8,,light orange eyes,3,36270,rl,FBgn0003256,Over-expression,
3,RU_20,30_01,female,9,,light orange eyes,4,36270,rl,FBgn0003256,Over-expression,
3,RU_20,30_01,female,13,,light orange eyes,5,36270,rl,FBgn0003256,Over-expression,
3,RU_20,1_02,female,27,,light orange eyes,1,36270,rl,FBgn0003256,Over-expression,
3,RU_20,1_02,female,24,,light orange eyes,2,36270,rl,FBgn0003256,Over-expression,
3,RU_20,1_02,female,36,,light orange eyes,3,36270,rl,FBgn0003256,Over-expression,
3,RU_20,1_02,female,33,,light orange eyes,4,36270,rl,FBgn0003256,Over-expression,
3,RU_20,1_02,female,26,,light orange eyes,5,36270,rl,FBgn0003256,Over-expression,
3,RU_20,5_02,female,20,,light orange eyes,1,36270,rl,FBgn0003256,Over-expression,
3,RU_20,5_02,female,12,,light orange eyes,2,36270,rl,FBgn0003256,Over-expression,
3,RU_20,5_02,female,24,,light orange eyes,3,36270,rl,FBgn0003256,Over-expression,
3,RU_20,5_02,female,15,,light orange eyes,4,36270,rl,FBgn0003256,Over-expression,
3,RU_20,5_02,female,7,,light orange eyes,5,36270,rl,FBgn0003256,Over-expression,
3,RU_20,30_01,male,,,light orange eyes,1,36270,rl,FBgn0003256,Over-expression,
3,RU_20,30_01,male,15,,light orange eyes,2,36270,rl,FBgn0003256,Over-expression,
3,RU_20,30_01,male,4,,light orange eyes,3,36270,rl,FBgn0003256,Over-expression,
3,RU_20,30_01,male,4,,light orange eyes,4,36270,rl,FBgn0003256,Over-expression,
3,RU_20,30_01,male,8,,light orange eyes,5,36270,rl,FBgn0003256,Over-expression,
3,RU_20,1_02,male,24,,light orange eyes,1,36270,rl,FBgn0003256,Over-expression,
3,RU_20,1_02,male,40,,light orange eyes,2,36270,rl,FBgn0003256,Over-expression,
3,RU_20,1_02,male,38,,light orange eyes,3,36270,rl,FBgn0003256,Over-expression,
3,RU_20,1_02,male,33,,light orange eyes,4,36270,rl,FBgn0003256,Over-expression,
3,RU_20,1_02,male,18,,light orange eyes,5,36270,rl,FBgn0003256,Over-expression,
3,RU_20,5_02,male,32,,light orange eyes,1,36270,rl,FBgn0003256,Over-expression,
3,RU_20,5_02,male,16,,light orange eyes,2,36270,rl,FBgn0003256,Over-expression,
3,RU_20,5_02,male,6,,light orange eyes,3,36270,rl,FBgn0003256,Over-expression,
3,RU_20,5_02,male,14,,light orange eyes,4,36270,rl,FBgn0003256,Over-expression,
3,RU_20,5_02,male,5,,light orange eyes,5,36270,rl,FBgn0003256,Over-expression,
4,RU_0,30_01,female,,,yellow eyes,1,27503,CadN,FBgn0015609,RNAi,
4,RU_0,30_01,female,26,,yellow eyes,2,27503,CadN,FBgn0015609,RNAi,
4,RU_0,30_01,female,30,,yellow eyes,3,27503,CadN,FBgn0015609,RNAi,
4,RU_0,30_01,female,33,,yellow eyes,4,27503,CadN,FBgn0015609,RNAi,
4,RU_0,30_01,female,33,,yellow eyes,5,27503,CadN,FBgn0015609,RNAi,
4,RU_0,1_02,female,40,,yellow eyes,1,27503,CadN,FBgn0015609,RNAi,
4,RU_0,1_02,female,25,,yellow eyes,2,27503,CadN,FBgn0015609,RNAi,
4,RU_0,1_02,female,26,,yellow eyes,3,27503,CadN,FBgn0015609,RNAi,
4,RU_0,1_02,female,25,,yellow eyes,4,27503,CadN,FBgn0015609,RNAi,
4,RU_0,1_02,female,24,,yellow eyes,5,27503,CadN,FBgn0015609,RNAi,
4,RU_0,5_02,female,13,,yellow eyes,1,27503,CadN,FBgn0015609,RNAi,
4,RU_0,5_02,female,15,,yellow eyes,2,27503,CadN,FBgn0015609,RNAi,
4,RU_0,5_02,female,32,,yellow eyes,3,27503,CadN,FBgn0015609,RNAi,
4,RU_0,5_02,female,21,,yellow eyes,4,27503,CadN,FBgn0015609,RNAi,
4,RU_0,5_02,female,23,,yellow eyes,5,27503,CadN,FBgn0015609,RNAi,
4,RU_0,30_01,male,,,yellow eyes,1,27503,CadN,FBgn0015609,RNAi,
4,RU_0,30_01,male,7,,yellow eyes,2,27503,CadN,FBgn0015609,RNAi,
4,RU_0,30_01,male,31,,yellow eyes,3,27503,CadN,FBgn0015609,RNAi,
4,RU_0,30_01,male,21,,yellow eyes,4,27503,CadN,FBgn0015609,RNAi,
4,RU_0,30_01,male,29,,yellow eyes,5,27503,CadN,FBgn0015609,RNAi,
4,RU_0,1_02,male,34,,yellow eyes,1,27503,CadN,FBgn0015609,RNAi,
4,RU_0,1_02,male,55,,yellow eyes,2,27503,CadN,FBgn0015609,RNAi,
4,RU_0,1_02,male,33,,yellow eyes,3,27503,CadN,FBgn0015609,RNAi,
4,RU_0,1_02,male,35,,yellow eyes,4,27503,CadN,FBgn0015609,RNAi,
4,RU_0,1_02,male,29,,yellow eyes,5,27503,CadN,FBgn0015609,RNAi,
4,RU_0,5_02,male,18,,yellow eyes,1,27503,CadN,FBgn0015609,RNAi,
4,RU_0,5_02,male,21,,yellow eyes,2,27503,CadN,FBgn0015609,RNAi,
4,RU_0,5_02,male,27,,yellow eyes,3,27503,CadN,FBgn0015609,RNAi,
4,RU_0,5_02,male,45,,yellow eyes,4,27503,CadN,FBgn0015609,RNAi,
4,RU_0,5_02,male,34,,yellow eyes,5,27503,CadN,FBgn0015609,RNAi,
4,RU_20,30_01,female,3,,yellow eyes,1,27503,CadN,FBgn0015609,RNAi,
4,RU_20,30_01,female,2,,yellow eyes,2,27503,CadN,FBgn0015609,RNAi,
4,RU_20,30_01,female,8,,yellow eyes,3,27503,CadN,FBgn0015609,RNAi,
4,RU_20,30_01,female,16,,yellow eyes,4,27503,CadN,FBgn0015609,RNAi,
4,RU_20,30_01,female,12,,yellow eyes,5,27503,CadN,FBgn0015609,RNAi,
4,RU_20,1_02,female,14,,yellow eyes,1,27503,CadN,FBgn0015609,RNAi,
4,RU_20,1_02,female,3,,yellow eyes,2,27503,CadN,FBgn0015609,RNAi,
4,RU_20,1_02,female,17,,yellow eyes,3,27503,CadN,FBgn0015609,RNAi,
4,RU_20,1_02,female,22,,yellow eyes,4,27503,CadN,FBgn0015609,RNAi,
4,RU_20,1_02,female,20,,yellow eyes,5,27503,CadN,FBgn0015609,RNAi,
4,RU_20,5_02,female,6,,yellow eyes,1,27503,CadN,FBgn0015609,RNAi,
4,RU_20,5_02,female,6,,yellow eyes,2,27503,CadN,FBgn0015609,RNAi,
4,RU_20,5_02,female,14,,yellow eyes,3,27503,CadN,FBgn0015609,RNAi,
4,RU_20,5_02,female,16,,yellow eyes,4,27503,CadN,FBgn0015609,RNAi,
4,RU_20,5_02,female,3,,yellow eyes,5,27503,CadN,FBgn0015609,RNAi,
4,RU_20,30_01,male,3,,yellow eyes,1,27503,CadN,FBgn0015609,RNAi,
4,RU_20,30_01,male,,,yellow eyes,2,27503,CadN,FBgn0015609,RNAi,
4,RU_20,30_01,male,5,,yellow eyes,3,27503,CadN,FBgn0015609,RNAi,
4,RU_20,30_01,male,17,,yellow eyes,4,27503,CadN,FBgn0015609,RNAi,
4,RU_20,30_01,male,6,,yellow eyes,5,27503,CadN,FBgn0015609,RNAi,
4,RU_20,1_02,male,19,,yellow eyes,1,27503,CadN,FBgn0015609,RNAi,
4,RU_20,1_02,male,,,yellow eyes,2,27503,CadN,FBgn0015609,RNAi,
4,RU_20,1_02,male,6,,yellow eyes,3,27503,CadN,FBgn0015609,RNAi,
4,RU_20,1_02,male,15,,yellow eyes,4,27503,CadN,FBgn0015609,RNAi,
4,RU_20,1_02,male,13,,yellow eyes,5,27503,CadN,FBgn0015609,RNAi,
4,RU_20,5_02,male,4,,yellow eyes,1,27503,CadN,FBgn0015609,RNAi,
4,RU_20,5_02,male,4,,yellow eyes,2,27503,CadN,FBgn0015609,RNAi,
4,RU_20,5_02,male,6,,yellow eyes,3,27503,CadN,FBgn0015609,RNAi,
4,RU_20,5_02,male,9,,yellow eyes,4,27503,CadN,FBgn0015609,RNAi,
4,RU_20,5_02,male,3,,yellow eyes,5,27503,CadN,FBgn0015609,RNAi,
5,RU_0,30_01,female,,,,1,61875,Naprt,FBgn0031589,RNAi,
5,RU_0,30_01,female,16,,,2,61875,Naprt,FBgn0031589,RNAi,
5,RU_0,30_01,female,6,,,3,61875,Naprt,FBgn0031589,RNAi,
5,RU_0,30_01,female,22,,,4,61875,Naprt,FBgn0031589,RNAi,
5,RU_0,30_01,female,7,,,5,61875,Naprt,FBgn0031589,RNAi,
5,RU_0,1_02,female,20,,,1,61875,Naprt,FBgn0031589,RNAi,
5,RU_0,1_02,female,34,,,2,61875,Naprt,FBgn0031589,RNAi,
5,RU_0,1_02,female,28,,,3,61875,Naprt,FBgn0031589,RNAi,
5,RU_0,1_02,female,19,,,4,61875,Naprt,FBgn0031589,RNAi,
5,RU_0,1_02,female,3,,,5,61875,Naprt,FBgn0031589,RNAi,
5,RU_0,5_02,female,13,,,1,61875,Naprt,FBgn0031589,RNAi,
5,RU_0,5_02,female,1,,,2,61875,Naprt,FBgn0031589,RNAi,
5,RU_0,5_02,female,35,2,,3,61875,Naprt,FBgn0031589,RNAi,
5,RU_0,5_02,female,13,,,4,61875,Naprt,FBgn0031589,RNAi,
5,RU_0,5_02,female,2,,,5,61875,Naprt,FBgn0031589,RNAi,
5,RU_0,30_01,male,,,,1,61875,Naprt,FBgn0031589,RNAi,
5,RU_0,30_01,male,4,,,2,61875,Naprt,FBgn0031589,RNAi,
5,RU_0,30_01,male,7,2,,3,61875,Naprt,FBgn0031589,RNAi,
5,RU_0,30_01,male,10,,,4,61875,Naprt,FBgn0031589,RNAi,
5,RU_0,30_01,male,4,,,5,61875,Naprt,FBgn0031589,RNAi,
5,RU_0,1_02,male,22,,,1,61875,Naprt,FBgn0031589,RNAi,
5,RU_0,1_02,male,32,,,2,61875,Naprt,FBgn0031589,RNAi,
5,RU_0,1_02,male,42,,,3,61875,Naprt,FBgn0031589,RNAi,
5,RU_0,1_02,male,23,,,4,61875,Naprt,FBgn0031589,RNAi,
5,RU_0,1_02,male,5,,,5,61875,Naprt,FBgn0031589,RNAi,
5,RU_0,5_02,male,15,,,1,61875,Naprt,FBgn0031589,RNAi,
5,RU_0,5_02,male,1,,,2,61875,Naprt,FBgn0031589,RNAi,
5,RU_0,5_02,male,42,,,3,61875,Naprt,FBgn0031589,RNAi,
5,RU_0,5_02,male,23,,,4,61875,Naprt,FBgn0031589,RNAi,
5,RU_0,5_02,male,1,,,5,61875,Naprt,FBgn0031589,RNAi,
5,RU_20,30_01,female,,,,1,61875,Naprt,FBgn0031589,RNAi,
5,RU_20,30_01,female,,,,2,61875,Naprt,FBgn0031589,RNAi,
5,RU_20,30_01,female,,,,3,61875,Naprt,FBgn0031589,RNAi,
5,RU_20,30_01,female,,,,4,61875,Naprt,FBgn0031589,RNAi,
5,RU_20,30_01,female,,,,5,61875,Naprt,FBgn0031589,RNAi,
5,RU_20,1_02,female,,1,,1,61875,Naprt,FBgn0031589,RNAi,
5,RU_20,1_02,female,,,,2,61875,Naprt,FBgn0031589,RNAi,
5,RU_20,1_02,female,,,,3,61875,Naprt,FBgn0031589,RNAi,
5,RU_20,1_02,female,,,,4,61875,Naprt,FBgn0031589,RNAi,
5,RU_20,1_02,female,,,,5,61875,Naprt,FBgn0031589,RNAi,
5,RU_20,5_02,female,,,,1,61875,Naprt,FBgn0031589,RNAi,
5,RU_20,5_02,female,,,,2,61875,Naprt,FBgn0031589,RNAi,
5,RU_20,5_02,female,,,,3,61875,Naprt,FBgn0031589,RNAi,
5,RU_20,5_02,female,,,,4,61875,Naprt,FBgn0031589,RNAi,
5,RU_20,5_02,female,,,,5,61875,Naprt,FBgn0031589,RNAi,
5,RU_20,30_01,male,,,,1,61875,Naprt,FBgn0031589,RNAi,
5,RU_20,30_01,male,,,,2,61875,Naprt,FBgn0031589,RNAi,
5,RU_20,30_01,male,,,,3,61875,Naprt,FBgn0031589,RNAi,
5,RU_20,30_01,male,,,,4,61875,Naprt,FBgn0031589,RNAi,
5,RU_20,30_01,male,,,,5,61875,Naprt,FBgn0031589,RNAi,
5,RU_20,1_02,male,,,,1,61875,Naprt,FBgn0031589,RNAi,
5,RU_20,1_02,male,,,,2,61875,Naprt,FBgn0031589,RNAi,
5,RU_20,1_02,male,,4,,3,61875,Naprt,FBgn0031589,RNAi,
5,RU_20,1_02,male,,,,4,61875,Naprt,FBgn0031589,RNAi,
5,RU_20,1_02,male,,,,5,61875,Naprt,FBgn0031589,RNAi,
5,RU_20,5_02,male,,,,1,61875,Naprt,FBgn0031589,RNAi,
5,RU_20,5_02,male,,,,2,61875,Naprt,FBgn0031589,RNAi,
5,RU_20,5_02,male,,,,3,61875,Naprt,FBgn0031589,RNAi,
5,RU_20,5_02,male,,1,,4,61875,Naprt,FBgn0031589,RNAi,
5,RU_20,5_02,male,,,,5,61875,Naprt,FBgn0031589,RNAi,
6,RU_0,30_01,female,12,10,,1,67758,Gpo3,FBgn0028848,RNAi,
6,RU_0,30_01,female,15,11,,2,67758,Gpo3,FBgn0028848,RNAi,
6,RU_0,30_01,female,19,13,,3,67758,Gpo3,FBgn0028848,RNAi,
6,RU_0,30_01,female,22,8,,4,67758,Gpo3,FBgn0028848,RNAi,
6,RU_0,30_01,female,2,7,,5,67758,Gpo3,FBgn0028848,RNAi,
6,RU_0,1_02,female,19,18,,1,67758,Gpo3,FBgn0028848,RNAi,
6,RU_0,1_02,female,12,16,,2,67758,Gpo3,FBgn0028848,RNAi,
6,RU_0,1_02,female,18,9,,3,67758,Gpo3,FBgn0028848,RNAi,
6,RU_0,1_02,female,19,29,,4,67758,Gpo3,FBgn0028848,RNAi,
6,RU_0,1_02,female,28,28,,5,67758,Gpo3,FBgn0028848,RNAi,
6,RU_0,5_02,female,6,1,,1,67758,Gpo3,FBgn0028848,RNAi,
6,RU_0,5_02,female,16,7,,2,67758,Gpo3,FBgn0028848,RNAi,
6,RU_0,5_02,female,17,16,,3,67758,Gpo3,FBgn0028848,RNAi,
6,RU_0,5_02,female,13,1,,4,67758,Gpo3,FBgn0028848,RNAi,
6,RU_0,5_02,female,11,4,,5,67758,Gpo3,FBgn0028848,RNAi,
6,RU_0,30_01,male,9,5,,1,67758,Gpo3,FBgn0028848,RNAi,
6,RU_0,30_01,male,15,4,,2,67758,Gpo3,FBgn0028848,RNAi,
6,RU_0,30_01,male,22,22,,3,67758,Gpo3,FBgn0028848,RNAi,
6,RU_0,30_01,male,21,6,,4,67758,Gpo3,FBgn0028848,RNAi,
6,RU_0,30_01,male,1,1,,5,67758,Gpo3,FBgn0028848,RNAi,
6,RU_0,1_02,male,,26,,1,67758,Gpo3,FBgn0028848,RNAi,
6,RU_0,1_02,male,13,13,,2,67758,Gpo3,FBgn0028848,RNAi,
6,RU_0,1_02,male,12,13,,3,67758,Gpo3,FBgn0028848,RNAi,
6,RU_0,1_02,male,6,12,,4,67758,Gpo3,FBgn0028848,RNAi,
6,RU_0,1_02,male,14,25,,5,67758,Gpo3,FBgn0028848,RNAi,
6,RU_0,5_02,male,8,10,,1,67758,Gpo3,FBgn0028848,RNAi,
6,RU_0,5_02,male,,,,2,67758,Gpo3,FBgn0028848,RNAi,
6,RU_0,5_02,male,19,9,,3,67758,Gpo3,FBgn0028848,RNAi,
6,RU_0,5_02,male,8,16,,4,67758,Gpo3,FBgn0028848,RNAi,
6,RU_0,5_02,male,12,3,,5,67758,Gpo3,FBgn0028848,RNAi,
6,RU_20,30_01,female,10,9,,1,67758,Gpo3,FBgn0028848,RNAi,
6,RU_20,30_01,female,19,15,,2,67758,Gpo3,FBgn0028848,RNAi,
6,RU_20,30_01,female,21,13,,3,67758,Gpo3,FBgn0028848,RNAi,
6,RU_20,30_01,female,,,,4,67758,Gpo3,FBgn0028848,RNAi,
6,RU_20,30_01,female,33,8,,5,67758,Gpo3,FBgn0028848,RNAi,
6,RU_20,1_02,female,17,,,1,67758,Gpo3,FBgn0028848,RNAi,
6,RU_20,1_02,female,21,11,,2,67758,Gpo3,FBgn0028848,RNAi,
6,RU_20,1_02,female,6,6,,3,67758,Gpo3,FBgn0028848,RNAi,
6,RU_20,1_02,female,10,3,,4,67758,Gpo3,FBgn0028848,RNAi,
6,RU_20,1_02,female,19,2,,5,67758,Gpo3,FBgn0028848,RNAi,
6,RU_20,5_02,female,10,2,,1,67758,Gpo3,FBgn0028848,RNAi,
6,RU_20,5_02,female,18,5,,2,67758,Gpo3,FBgn0028848,RNAi,
6,RU_20,5_02,female,12,5,,3,67758,Gpo3,FBgn0028848,RNAi,
6,RU_20,5_02,female,2,2,,4,67758,Gpo3,FBgn0028848,RNAi,
6,RU_20,5_02,female,19,7,,5,67758,Gpo3,FBgn0028848,RNAi,
6,RU_20,30_01,male,5,5,,1,67758,Gpo3,FBgn0028848,RNAi,
6,RU_20,30_01,male,8,8,,2,67758,Gpo3,FBgn0028848,RNAi,
6,RU_20,30_01,male,6,12,,3,67758,Gpo3,FBgn0028848,RNAi,
6,RU_20,30_01,male,,,,4,67758,Gpo3,FBgn0028848,RNAi,
6,RU_20,30_01,male,11,6,,5,67758,Gpo3,FBgn0028848,RNAi,
6,RU_20,1_02,male,16,4,,1,67758,Gpo3,FBgn0028848,RNAi,
6,RU_20,1_02,male,21,4,,2,67758,Gpo3,FBgn0028848,RNAi,
6,RU_20,1_02,male,17,8,,3,67758,Gpo3,FBgn0028848,RNAi,
6,RU_20,1_02,male,3,4,,4,67758,Gpo3,FBgn0028848,RNAi,
6,RU_20,1_02,male,26,4,,5,67758,Gpo3,FBgn0028848,RNAi,
6,RU_20,5_02,male,1,,,1,67758,Gpo3,FBgn0028848,RNAi,
6,RU_20,5_02,male,5,3,,2,67758,Gpo3,FBgn0028848,RNAi,
6,RU_20,5_02,male,3,4,,3,67758,Gpo3,FBgn0028848,RNAi,
6,RU_20,5_02,male,4,1,,4,67758,Gpo3,FBgn0028848,RNAi,
6,RU_20,5_02,male,6,3,,5,67758,Gpo3,FBgn0028848,RNAi,
7,RU_0,30_01,female,8,,,1,42571,JIL-1,FBgn0020412,RNAi,
7,RU_0,30_01,female,,,,2,42571,JIL-1,FBgn0020412,RNAi,
7,RU_0,30_01,female,12,1,,3,42571,JIL-1,FBgn0020412,RNAi,
7,RU_0,30_01,female,2,,,4,42571,JIL-1,FBgn0020412,RNAi,
7,RU_0,30_01,female,7,11,,5,42571,JIL-1,FBgn0020412,RNAi,
7,RU_0,1_02,female,29,3,,1,42571,JIL-1,FBgn0020412,RNAi,
7,RU_0,1_02,female,19,2,,2,42571,JIL-1,FBgn0020412,RNAi,
7,RU_0,1_02,female,47,2,,3,42571,JIL-1,FBgn0020412,RNAi,
7,RU_0,1_02,female,23,8,,4,42571,JIL-1,FBgn0020412,RNAi,
7,RU_0,1_02,female,36,3,,5,42571,JIL-1,FBgn0020412,RNAi,
7,RU_0,5_02,female,12,1,,1,42571,JIL-1,FBgn0020412,RNAi,
7,RU_0,5_02,female,5,1,,2,42571,JIL-1,FBgn0020412,RNAi,
7,RU_0,5_02,female,12,1,,3,42571,JIL-1,FBgn0020412,RNAi,
7,RU_0,5_02,female,5,3,,4,42571,JIL-1,FBgn0020412,RNAi,
7,RU_0,5_02,female,,12,,5,42571,JIL-1,FBgn0020412,RNAi,
7,RU_0,30_01,male,3,,,1,42571,JIL-1,FBgn0020412,RNAi,
7,RU_0,30_01,male,,,,2,42571,JIL-1,FBgn0020412,RNAi,
7,RU_0,30_01,male,2,,,3,42571,JIL-1,FBgn0020412,RNAi,
7,RU_0,30_01,male,1,,,4,42571,JIL-1,FBgn0020412,RNAi,
7,RU_0,30_01,male,3,1,,5,42571,JIL-1,FBgn0020412,RNAi,
7,RU_0,1_02,male,19,,,1,42571,JIL-1,FBgn0020412,RNAi,
7,RU_0,1_02,male,29,1,,2,42571,JIL-1,FBgn0020412,RNAi,
7,RU_0,1_02,male,25,5,,3,42571,JIL-1,FBgn0020412,RNAi,
7,RU_0,1_02,male,33,,,4,42571,JIL-1,FBgn0020412,RNAi,
7,RU_0,1_02,male,2,6,,5,42571,JIL-1,FBgn0020412,RNAi,
7,RU_0,5_02,male,16,,,1,42571,JIL-1,FBgn0020412,RNAi,
7,RU_0,5_02,male,13,3,,2,42571,JIL-1,FBgn0020412,RNAi,
7,RU_0,5_02,male,23,2,,3,42571,JIL-1,FBgn0020412,RNAi,
7,RU_0,5_02,male,15,,,4,42571,JIL-1,FBgn0020412,RNAi,
7,RU_0,5_02,male,16,16,,5,42571,JIL-1,FBgn0020412,RNAi,
7,RU_20,30_01,female,11,5,,1,42571,JIL-1,FBgn0020412,RNAi,
7,RU_20,30_01,female,1,,,2,42571,JIL-1,FBgn0020412,RNAi,
7,RU_20,30_01,female,,,,3,42571,JIL-1,FBgn0020412,RNAi,
7,RU_20,30_01,female,7,,,4,42571,JIL-1,FBgn0020412,RNAi,
7,RU_20,30_01,female,,,,5,42571,JIL-1,FBgn0020412,RNAi,
7,RU_20,1_02,female,18,2,,1,42571,JIL-1,FBgn0020412,RNAi,
7,RU_20,1_02,female,19,1,,2,42571,JIL-1,FBgn0020412,RNAi,
7,RU_20,1_02,female,12,,,3,42571,JIL-1,FBgn0020412,RNAi,
7,RU_20,1_02,female,13,,,4,42571,JIL-1,FBgn0020412,RNAi,
7,RU_20,1_02,female,17,,,5,42571,JIL-1,FBgn0020412,RNAi,
7,RU_20,5_02,female,14,6,,1,42571,JIL-1,FBgn0020412,RNAi,
7,RU_20,5_02,female,10,,,2,42571,JIL-1,FBgn0020412,RNAi,
7,RU_20,5_02,female,12,,,3,42571,JIL-1,FBgn0020412,RNAi,
7,RU_20,5_02,female,19,,,4,42571,JIL-1,FBgn0020412,RNAi,
7,RU_20,5_02,female,4,,,5,42571,JIL-1,FBgn0020412,RNAi,
7,RU_20,30_01,male,1,,,1,42571,JIL-1,FBgn0020412,RNAi,
7,RU_20,30_01,male,,,,2,42571,JIL-1,FBgn0020412,RNAi,
7,RU_20,30_01,male,,,,3,42571,JIL-1,FBgn0020412,RNAi,
7,RU_20,30_01,male,,,,4,42571,JIL-1,FBgn0020412,RNAi,
7,RU_20,30_01,male,,,,5,42571,JIL-1,FBgn0020412,RNAi,
7,RU_20,1_02,male,13,,,1,42571,JIL-1,FBgn0020412,RNAi,
7,RU_20,1_02,male,12,,,2,42571,JIL-1,FBgn0020412,RNAi,
7,RU_20,1_02,male,2,,,3,42571,JIL-1,FBgn0020412,RNAi,
7,RU_20,1_02,male,26,,,4,42571,JIL-1,FBgn0020412,RNAi,
7,RU_20,1_02,male,11,3,,5,42571,JIL-1,FBgn0020412,RNAi,
7,RU_20,5_02,male,23,,,1,42571,JIL-1,FBgn0020412,RNAi,
7,RU_20,5_02,male,9,,,2,42571,JIL-1,FBgn0020412,RNAi,
7,RU_20,5_02,male,12,,,3,42571,JIL-1,FBgn0020412,RNAi,
7,RU_20,5_02,male,11,,,4,42571,JIL-1,FBgn0020412,RNAi,
7,RU_20,5_02,male,5,,,5,42571,JIL-1,FBgn0020412,RNAi,
8,RU_0,30_01,female,,,,1,30543,mrj,FBgn0034091,Over-expression,
8,RU_0,30_01,female,,,,2,30543,mrj,FBgn0034091,Over-expression,
8,RU_0,30_01,female,2,,,3,30543,mrj,FBgn0034091,Over-expression,
8,RU_0,30_01,female,6,2,,4,30543,mrj,FBgn0034091,Over-expression,
8,RU_0,30_01,female,3,,,5,30543,mrj,FBgn0034091,Over-expression,
8,RU_0,1_02,female,11,2,,1,30543,mrj,FBgn0034091,Over-expression,
8,RU_0,1_02,female,13,2,,2,30543,mrj,FBgn0034091,Over-expression,
8,RU_0,1_02,female,21,11,,3,30543,mrj,FBgn0034091,Over-expression,
8,RU_0,1_02,female,38,3,,4,30543,mrj,FBgn0034091,Over-expression,
8,RU_0,1_02,female,20,10,,5,30543,mrj,FBgn0034091,Over-expression,
8,RU_0,5_02,female,4,5,,1,30543,mrj,FBgn0034091,Over-expression,
8,RU_0,5_02,female,2,9,,2,30543,mrj,FBgn0034091,Over-expression,
8,RU_0,5_02,female,4,6,,3,30543,mrj,FBgn0034091,Over-expression,
8,RU_0,5_02,female,12,7,,4,30543,mrj,FBgn0034091,Over-expression,
8,RU_0,5_02,female,13,11,,5,30543,mrj,FBgn0034091,Over-expression,
8,RU_0,30_01,male,1,2,,1,30543,mrj,FBgn0034091,Over-expression,
8,RU_0,30_01,male,,,,2,30543,mrj,FBgn0034091,Over-expression,
8,RU_0,30_01,male,3,1,,3,30543,mrj,FBgn0034091,Over-expression,
8,RU_0,30_01,male,5,,,4,30543,mrj,FBgn0034091,Over-expression,
8,RU_0,30_01,male,2,2,,5,30543,mrj,FBgn0034091,Over-expression,
8,RU_0,1_02,male,3,6,,1,30543,mrj,FBgn0034091,Over-expression,
8,RU_0,1_02,male,12,9,,2,30543,mrj,FBgn0034091,Over-expression,
8,RU_0,1_02,male,5,2,,3,30543,mrj,FBgn0034091,Over-expression,
8,RU_0,1_02,male,18,15,,4,30543,mrj,FBgn0034091,Over-expression,
8,RU_0,1_02,male,23,10,,5,30543,mrj,FBgn0034091,Over-expression,
8,RU_0,5_02,male,4,4,,1,30543,mrj,FBgn0034091,Over-expression,
8,RU_0,5_02,male,3,5,,2,30543,mrj,FBgn0034091,Over-expression,
8,RU_0,5_02,male,7,6,,3,30543,mrj,FBgn0034091,Over-expression,
8,RU_0,5_02,male,11,10,,4,30543,mrj,FBgn0034091,Over-expression,
8,RU_0,5_02,male,9,21,,5,30543,mrj,FBgn0034091,Over-expression,
8,RU_20,30_01,female,2,,,1,30543,mrj,FBgn0034091,Over-expression,
8,RU_20,30_01,female,6,2,,2,30543,mrj,FBgn0034091,Over-expression,
8,RU_20,30_01,female,1,,,3,30543,mrj,FBgn0034091,Over-expression,
8,RU_20,30_01,female,4,,,4,30543,mrj,FBgn0034091,Over-expression,
8,RU_20,30_01,female,,,,5,30543,mrj,FBgn0034091,Over-expression,
8,RU_20,1_02,female,18,1,,1,30543,mrj,FBgn0034091,Over-expression,
8,RU_20,1_02,female,33,4,,2,30543,mrj,FBgn0034091,Over-expression,
8,RU_20,1_02,female,10,8,,3,30543,mrj,FBgn0034091,Over-expression,
8,RU_20,1_02,female,16,,,4,30543,mrj,FBgn0034091,Over-expression,
8,RU_20,1_02,female,10,1,,5,30543,mrj,FBgn0034091,Over-expression,
8,RU_20,5_02,female,9,4,,1,30543,mrj,FBgn0034091,Over-expression,
8,RU_20,5_02,female,15,6,,2,30543,mrj,FBgn0034091,Over-expression,
8,RU_20,5_02,female,6,5,,3,30543,mrj,FBgn0034091,Over-expression,
8,RU_20,5_02,female,6,2,,4,30543,mrj,FBgn0034091,Over-expression,
8,RU_20,5_02,female,16,9,,5,30543,mrj,FBgn0034091,Over-expression,
8,RU_20,30_01,male,1,,,1,30543,mrj,FBgn0034091,Over-expression,
8,RU_20,30_01,male,2,,,2,30543,mrj,FBgn0034091,Over-expression,
8,RU_20,30_01,male,,,,3,30543,mrj,FBgn0034091,Over-expression,
8,RU_20,30_01,male,4,,,4,30543,mrj,FBgn0034091,Over-expression,
8,RU_20,30_01,male,,,,5,30543,mrj,FBgn0034091,Over-expression,
8,RU_20,1_02,male,9,1,,1,30543,mrj,FBgn0034091,Over-expression,
8,RU_20,1_02,male,23,5,,2,30543,mrj,FBgn0034091,Over-expression,
8,RU_20,1_02,male,8,4,,3,30543,mrj,FBgn0034091,Over-expression,
8,RU_20,1_02,male,23,1,,4,30543,mrj,FBgn0034091,Over-expression,
8,RU_20,1_02,male,3,1,,5,30543,mrj,FBgn0034091,Over-expression,
8,RU_20,5_02,male,9,1,,1,30543,mrj,FBgn0034091,Over-expression,
8,RU_20,5_02,male,10,2,,2,30543,mrj,FBgn0034091,Over-expression,
8,RU_20,5_02,male,5,10,,3,30543,mrj,FBgn0034091,Over-expression,
8,RU_20,5_02,male,2,3,,4,30543,mrj,FBgn0034091,Over-expression,
8,RU_20,5_02,male,14,4,,5,30543,mrj,FBgn0034091,Over-expression,
9,RU_0,30_01,female,,,,1,35704,smid,FBgn0016983,RNAi,
9,RU_0,30_01,female,5,,,2,35704,smid,FBgn0016983,RNAi,
9,RU_0,30_01,female,5,,,3,35704,smid,FBgn0016983,RNAi,
9,RU_0,30_01,female,4,,,4,35704,smid,FBgn0016983,RNAi,
9,RU_0,30_01,female,3,,,5,35704,smid,FBgn0016983,RNAi,
9,RU_0,1_02,female,17,,,1,35704,smid,FBgn0016983,RNAi,
9,RU_0,1_02,female,6,,,2,35704,smid,FBgn0016983,RNAi,
9,RU_0,1_02,female,22,,,3,35704,smid,FBgn0016983,RNAi,
9,RU_0,1_02,female,8,,,4,35704,smid,FBgn0016983,RNAi,
9,RU_0,1_02,female,13,,,5,35704,smid,FBgn0016983,RNAi,
9,RU_0,5_02,female,13,,,1,35704,smid,FBgn0016983,RNAi,
9,RU_0,5_02,female,,,,2,35704,smid,FBgn0016983,RNAi,
9,RU_0,5_02,female,1,,,3,35704,smid,FBgn0016983,RNAi,
9,RU_0,5_02,female,4,,,4,35704,smid,FBgn0016983,RNAi,
9,RU_0,5_02,female,,,,5,35704,smid,FBgn0016983,RNAi,
9,RU_0,30_01,male,,,,1,35704,smid,FBgn0016983,RNAi,
9,RU_0,30_01,male,,,,2,35704,smid,FBgn0016983,RNAi,
9,RU_0,30_01,male,1,,,3,35704,smid,FBgn0016983,RNAi,
9,RU_0,30_01,male,2,,,4,35704,smid,FBgn0016983,RNAi,
9,RU_0,30_01,male,,,,5,35704,smid,FBgn0016983,RNAi,
9,RU_0,1_02,male,9,,,1,35704,smid,FBgn0016983,RNAi,
9,RU_0,1_02,male,4,,,2,35704,smid,FBgn0016983,RNAi,
9,RU_0,1_02,male,13,,,3,35704,smid,FBgn0016983,RNAi,
9,RU_0,1_02,male,8,,,4,35704,smid,FBgn0016983,RNAi,
9,RU_0,1_02,male,15,,,5,35704,smid,FBgn0016983,RNAi,
9,RU_0,5_02,male,7,,,1,35704,smid,FBgn0016983,RNAi,
9,RU_0,5_02,male,3,,,2,35704,smid,FBgn0016983,RNAi,
9,RU_0,5_02,male,6,,,3,35704,smid,FBgn0016983,RNAi,
9,RU_0,5_02,male,3,,,4,35704,smid,FBgn0016983,RNAi,
9,RU_0,5_02,male,10,,,5,35704,smid,FBgn0016983,RNAi,
9,RU_20,30_01,female,,,L3 lethal,1,35704,smid,FBgn0016983,RNAi,
9,RU_20,30_01,female,,,L3 lethal,2,35704,smid,FBgn0016983,RNAi,
9,RU_20,30_01,female,,,L3 lethal,3,35704,smid,FBgn0016983,RNAi,
9,RU_20,30_01,female,,,L3 lethal,4,35704,smid,FBgn0016983,RNAi,
9,RU_20,30_01,female,,,L3 lethal,5,35704,smid,FBgn0016983,RNAi,
9,RU_20,1_02,female,2,,L3 lethal,1,35704,smid,FBgn0016983,RNAi,
9,RU_20,1_02,female,3,,L3 lethal,2,35704,smid,FBgn0016983,RNAi,
9,RU_20,1_02,female,4,,L3 lethal,3,35704,smid,FBgn0016983,RNAi,
9,RU_20,1_02,female,8,,L3 lethal,4,35704,smid,FBgn0016983,RNAi,
9,RU_20,1_02,female,3,,L3 lethal,5,35704,smid,FBgn0016983,RNAi,
9,RU_20,5_02,female,3,,L3 lethal,1,35704,smid,FBgn0016983,RNAi,
9,RU_20,5_02,female,1,,L3 lethal,2,35704,smid,FBgn0016983,RNAi,
9,RU_20,5_02,female,1,,L3 lethal,3,35704,smid,FBgn0016983,RNAi,
9,RU_20,5_02,female,5,,L3 lethal,4,35704,smid,FBgn0016983,RNAi,
9,RU_20,5_02,female,2,,L3 lethal,5,35704,smid,FBgn0016983,RNAi,
9,RU_20,30_01,male,,,L3 lethal,1,35704,smid,FBgn0016983,RNAi,
9,RU_20,30_01,male,,,L3 lethal,2,35704,smid,FBgn0016983,RNAi,
9,RU_20,30_01,male,,,L3 lethal,3,35704,smid,FBgn0016983,RNAi,
9,RU_20,30_01,male,,,L3 lethal,4,35704,smid,FBgn0016983,RNAi,
9,RU_20,30_01,male,,,L3 lethal,5,35704,smid,FBgn0016983,RNAi,
9,RU_20,1_02,male,,,L3 lethal,1,35704,smid,FBgn0016983,RNAi,
9,RU_20,1_02,male,,,L3 lethal,2,35704,smid,FBgn0016983,RNAi,
9,RU_20,1_02,male,,,L3 lethal,3,35704,smid,FBgn0016983,RNAi,
9,RU_20,1_02,male,1,,L3 lethal,4,35704,smid,FBgn0016983,RNAi,
9,RU_20,1_02,male,1,,L3 lethal,5,35704,smid,FBgn0016983,RNAi,
9,RU_20,5_02,male,,,L3 lethal,1,35704,smid,FBgn0016983,RNAi,
9,RU_20,5_02,male,,,L3 lethal,2,35704,smid,FBgn0016983,RNAi,
9,RU_20,5_02,male,,,L3 lethal,3,35704,smid,FBgn0016983,RNAi,
9,RU_20,5_02,male,,,L3 lethal,4,35704,smid,FBgn0016983,RNAi,
9,RU_20,5_02,male,,,L3 lethal,5,35704,smid,FBgn0016983,RNAi,
10,RU_0,30_01,female,,,,1,31395,Rm62,FBgn0003261,RNAi,
10,RU_0,30_01,female,34,,,2,31395,Rm62,FBgn0003261,RNAi,
10,RU_0,30_01,female,46,,,3,31395,Rm62,FBgn0003261,RNAi,
10,RU_0,30_01,female,17,,,4,31395,Rm62,FBgn0003261,RNAi,
10,RU_0,30_01,female,37,,,5,31395,Rm62,FBgn0003261,RNAi,
10,RU_0,1_02,female,62,,,1,31395,Rm62,FBgn0003261,RNAi,
10,RU_0,1_02,female,26,,,2,31395,Rm62,FBgn0003261,RNAi,
10,RU_0,1_02,female,26,,,3,31395,Rm62,FBgn0003261,RNAi,
10,RU_0,1_02,female,50,,,4,31395,Rm62,FBgn0003261,RNAi,
10,RU_0,1_02,female,40,,,5,31395,Rm62,FBgn0003261,RNAi,
10,RU_0,5_02,female,30,,,1,31395,Rm62,FBgn0003261,RNAi,
10,RU_0,5_02,female,36,,,2,31395,Rm62,FBgn0003261,RNAi,
10,RU_0,5_02,female,36,,,3,31395,Rm62,FBgn0003261,RNAi,
10,RU_0,5_02,female,26,,,4,31395,Rm62,FBgn0003261,RNAi,
10,RU_0,5_02,female,49,,,5,31395,Rm62,FBgn0003261,RNAi,
10,RU_0,30_01,male,,,,1,31395,Rm62,FBgn0003261,RNAi,
10,RU_0,30_01,male,12,,,2,31395,Rm62,FBgn0003261,RNAi,
10,RU_0,30_01,male,20,,,3,31395,Rm62,FBgn0003261,RNAi,
10,RU_0,30_01,male,4,,,4,31395,Rm62,FBgn0003261,RNAi,
10,RU_0,30_01,male,15,,,5,31395,Rm62,FBgn0003261,RNAi,
10,RU_0,1_02,male,37,,,1,31395,Rm62,FBgn0003261,RNAi,
10,RU_0,1_02,male,35,,,2,31395,Rm62,FBgn0003261,RNAi,
10,RU_0,1_02,male,21,,,3,31395,Rm62,FBgn0003261,RNAi,
10,RU_0,1_02,male,39,,,4,31395,Rm62,FBgn0003261,RNAi,
10,RU_0,1_02,male,30,,,5,31395,Rm62,FBgn0003261,RNAi,
10,RU_0,5_02,male,34,,,1,31395,Rm62,FBgn0003261,RNAi,
10,RU_0,5_02,male,34,,,2,31395,Rm62,FBgn0003261,RNAi,
10,RU_0,5_02,male,29,,,3,31395,Rm62,FBgn0003261,RNAi,
10,RU_0,5_02,male,33,,,4,31395,Rm62,FBgn0003261,RNAi,
10,RU_0,5_02,male,29,,,5,31395,Rm62,FBgn0003261,RNAi,
10,RU_20,30_01,female,30,,pupa lethal,1,31395,Rm62,FBgn0003261,RNAi,
10,RU_20,30_01,female,,,pupa lethal,2,31395,Rm62,FBgn0003261,RNAi,
10,RU_20,30_01,female,2,,pupa lethal,3,31395,Rm62,FBgn0003261,RNAi,
10,RU_20,30_01,female,28,,pupa lethal,4,31395,Rm62,FBgn0003261,RNAi,
10,RU_20,30_01,female,1,,pupa lethal,5,31395,Rm62,FBgn0003261,RNAi,
10,RU_20,1_02,female,12,,pupa lethal,1,31395,Rm62,FBgn0003261,RNAi,
10,RU_20,1_02,female,16,,pupa lethal,2,31395,Rm62,FBgn0003261,RNAi,
10,RU_20,1_02,female,10,,pupa lethal,3,31395,Rm62,FBgn0003261,RNAi,
10,RU_20,1_02,female,11,,pupa lethal,4,31395,Rm62,FBgn0003261,RNAi,
10,RU_20,1_02,female,14,,pupa lethal,5,31395,Rm62,FBgn0003261,RNAi,
10,RU_20,5_02,female,2,,pupa lethal,1,31395,Rm62,FBgn0003261,RNAi,
10,RU_20,5_02,female,7,,pupa lethal,2,31395,Rm62,FBgn0003261,RNAi,
10,RU_20,5_02,female,10,,pupa lethal,3,31395,Rm62,FBgn0003261,RNAi,
10,RU_20,5_02,female,4,,pupa lethal,4,31395,Rm62,FBgn0003261,RNAi,
10,RU_20,5_02,female,2,,pupa lethal,5,31395,Rm62,FBgn0003261,RNAi,
10,RU_20,30_01,male,3,,pupa lethal,1,31395,Rm62,FBgn0003261,RNAi,
10,RU_20,30_01,male,,,pupa lethal,2,31395,Rm62,FBgn0003261,RNAi,
10,RU_20,30_01,male,,,pupa lethal,3,31395,Rm62,FBgn0003261,RNAi,
10,RU_20,30_01,male,4,,pupa lethal,4,31395,Rm62,FBgn0003261,RNAi,
10,RU_20,30_01,male,,,pupa lethal,5,31395,Rm62,FBgn0003261,RNAi,
10,RU_20,1_02,male,5,,pupa lethal,1,31395,Rm62,FBgn0003261,RNAi,
10,RU_20,1_02,male,,,pupa lethal,2,31395,Rm62,FBgn0003261,RNAi,
10,RU_20,1_02,male,1,,pupa lethal,3,31395,Rm62,FBgn0003261,RNAi,
10,RU_20,1_02,male,11,,pupa lethal,4,31395,Rm62,FBgn0003261,RNAi,
10,RU_20,1_02,male,1,,pupa lethal,5,31395,Rm62,FBgn0003261,RNAi,
10,RU_20,5_02,male,,,pupa lethal,1,31395,Rm62,FBgn0003261,RNAi,
10,RU_20,5_02,male,,,pupa lethal,2,31395,Rm62,FBgn0003261,RNAi,
10,RU_20,5_02,male,,,pupa lethal,3,31395,Rm62,FBgn0003261,RNAi,
10,RU_20,5_02,male,1,,pupa lethal,4,31395,Rm62,FBgn0003261,RNAi,
10,RU_20,5_02,male,,,pupa lethal,5,31395,Rm62,FBgn0003261,RNAi,
11,RU_0,30_01,female,40,,,1,38911,SecS,FBgn0037347,RNAi,
11,RU_0,30_01,female,28,,,2,38911,SecS,FBgn0037347,RNAi,
11,RU_0,30_01,female,43,,,3,38911,SecS,FBgn0037347,RNAi,
11,RU_0,30_01,female,6,,,4,38911,SecS,FBgn0037347,RNAi,
11,RU_0,30_01,female,5,,,5,38911,SecS,FBgn0037347,RNAi,
11,RU_0,1_02,female,36,,,1,38911,SecS,FBgn0037347,RNAi,
11,RU_0,1_02,female,30,,,2,38911,SecS,FBgn0037347,RNAi,
11,RU_0,1_02,female,22,,,3,38911,SecS,FBgn0037347,RNAi,
11,RU_0,1_02,female,40,,,4,38911,SecS,FBgn0037347,RNAi,
11,RU_0,1_02,female,44,,,5,38911,SecS,FBgn0037347,RNAi,
11,RU_0,5_02,female,24,,,1,38911,SecS,FBgn0037347,RNAi,
11,RU_0,5_02,female,12,,,2,38911,SecS,FBgn0037347,RNAi,
11,RU_0,5_02,female,29,,,3,38911,SecS,FBgn0037347,RNAi,
11,RU_0,5_02,female,8,,,4,38911,SecS,FBgn0037347,RNAi,
11,RU_0,5_02,female,9,,,5,38911,SecS,FBgn0037347,RNAi,
11,RU_0,30_01,male,22,,,1,38911,SecS,FBgn0037347,RNAi,
11,RU_0,30_01,male,10,,,2,38911,SecS,FBgn0037347,RNAi,
11,RU_0,30_01,male,33,,,3,38911,SecS,FBgn0037347,RNAi,
11,RU_0,30_01,male,1,,,4,38911,SecS,FBgn0037347,RNAi,
11,RU_0,30_01,male,1,,,5,38911,SecS,FBgn0037347,RNAi,
11,RU_0,1_02,male,40,,,1,38911,SecS,FBgn0037347,RNAi,
11,RU_0,1_02,male,44,,,2,38911,SecS,FBgn0037347,RNAi,
11,RU_0,1_02,male,28,,,3,38911,SecS,FBgn0037347,RNAi,
11,RU_0,1_02,male,37,,,4,38911,SecS,FBgn0037347,RNAi,
11,RU_0,1_02,male,44,,,5,38911,SecS,FBgn0037347,RNAi,
11,RU_0,5_02,male,40,,,1,38911,SecS,FBgn0037347,RNAi,
11,RU_0,5_02,male,22,,,2,38911,SecS,FBgn0037347,RNAi,
11,RU_0,5_02,male,34,,,3,38911,SecS,FBgn0037347,RNAi,
11,RU_0,5_02,male,12,,,4,38911,SecS,FBgn0037347,RNAi,
11,RU_0,5_02,male,24,,,5,38911,SecS,FBgn0037347,RNAi,
11,RU_20,30_01,female,12,,,1,38911,SecS,FBgn0037347,RNAi,
11,RU_20,30_01,female,4,,,2,38911,SecS,FBgn0037347,RNAi,
11,RU_20,30_01,female,,,,3,38911,SecS,FBgn0037347,RNAi,
11,RU_20,30_01,female,11,,,4,38911,SecS,FBgn0037347,RNAi,
11,RU_20,30_01,female,2,,,5,38911,SecS,FBgn0037347,RNAi,
11,RU_20,1_02,female,29,,,1,38911,SecS,FBgn0037347,RNAi,
11,RU_20,1_02,female,20,,,2,38911,SecS,FBgn0037347,RNAi,
11,RU_20,1_02,female,26,,,3,38911,SecS,FBgn0037347,RNAi,
11,RU_20,1_02,female,23,,,4,38911,SecS,FBgn0037347,RNAi,
11,RU_20,1_02,female,21,,,5,38911,SecS,FBgn0037347,RNAi,
11,RU_20,5_02,female,9,,,1,38911,SecS,FBgn0037347,RNAi,
11,RU_20,5_02,female,13,,,2,38911,SecS,FBgn0037347,RNAi,
11,RU_20,5_02,female,6,,,3,38911,SecS,FBgn0037347,RNAi,
11,RU_20,5_02,female,8,,,4,38911,SecS,FBgn0037347,RNAi,
11,RU_20,5_02,female,3,,,5,38911,SecS,FBgn0037347,RNAi,
11,RU_20,30_01,male,5,,,1,38911,SecS,FBgn0037347,RNAi,
11,RU_20,30_01,male,14,,,2,38911,SecS,FBgn0037347,RNAi,
11,RU_20,30_01,male,,,,3,38911,SecS,FBgn0037347,RNAi,
11,RU_20,30_01,male,1,,,4,38911,SecS,FBgn0037347,RNAi,
11,RU_20,30_01,male,2,,,5,38911,SecS,FBgn0037347,RNAi,
11,RU_20,1_02,male,25,,,1,38911,SecS,FBgn0037347,RNAi,
11,RU_20,1_02,male,18,,,2,38911,SecS,FBgn0037347,RNAi,
11,RU_20,1_02,male,20,,,3,38911,SecS,FBgn0037347,RNAi,
11,RU_20,1_02,male,14,,,4,38911,SecS,FBgn0037347,RNAi,
11,RU_20,1_02,male,15,,,5,38911,SecS,FBgn0037347,RNAi,
11,RU_20,5_02,male,6,,,1,38911,SecS,FBgn0037347,RNAi,
11,RU_20,5_02,male,10,,,2,38911,SecS,FBgn0037347,RNAi,
11,RU_20,5_02,male,6,,,3,38911,SecS,FBgn0037347,RNAi,
11,RU_20,5_02,male,3,,,4,38911,SecS,FBgn0037347,RNAi,
11,RU_20,5_02,male,2,,,5,38911,SecS,FBgn0037347,RNAi,
12,RU_0,30_01,female,28,,,1,31712,brm,FBgn0000212,RNAi,
12,RU_0,30_01,female,3,,,2,31712,brm,FBgn0000212,RNAi,
12,RU_0,30_01,female,25,,,3,31712,brm,FBgn0000212,RNAi,
12,RU_0,30_01,female,6,,,4,31712,brm,FBgn0000212,RNAi,
12,RU_0,30_01,female,2,,,5,31712,brm,FBgn0000212,RNAi,
12,RU_0,1_02,female,34,,,1,31712,brm,FBgn0000212,RNAi,
12,RU_0,1_02,female,31,,,2,31712,brm,FBgn0000212,RNAi,
12,RU_0,1_02,female,25,,,3,31712,brm,FBgn0000212,RNAi,
12,RU_0,1_02,female,27,,,4,31712,brm,FBgn0000212,RNAi,
12,RU_0,1_02,female,47,,,5,31712,brm,FBgn0000212,RNAi,
12,RU_0,5_02,female,43,,,1,31712,brm,FBgn0000212,RNAi,
12,RU_0,5_02,female,1,,,2,31712,brm,FBgn0000212,RNAi,
12,RU_0,5_02,female,37,,,3,31712,brm,FBgn0000212,RNAi,
12,RU_0,5_02,female,17,,,4,31712,brm,FBgn0000212,RNAi,
12,RU_0,5_02,female,16,,,5,31712,brm,FBgn0000212,RNAi,
12,RU_0,30_01,male,30,,,1,31712,brm,FBgn0000212,RNAi,
12,RU_0,30_01,male,1,,,2,31712,brm,FBgn0000212,RNAi,
12,RU_0,30_01,male,25,,,3,31712,brm,FBgn0000212,RNAi,
12,RU_0,30_01,male,3,,,4,31712,brm,FBgn0000212,RNAi,
12,RU_0,30_01,male,,,,5,31712,brm,FBgn0000212,RNAi,
12,RU_0,1_02,male,24,,,1,31712,brm,FBgn0000212,RNAi,
12,RU_0,1_02,male,38,,,2,31712,brm,FBgn0000212,RNAi,
12,RU_0,1_02,male,18,,,3,31712,brm,FBgn0000212,RNAi,
12,RU_0,1_02,male,24,,,4,31712,brm,FBgn0000212,RNAi,
12,RU_0,1_02,male,47,,,5,31712,brm,FBgn0000212,RNAi,
12,RU_0,5_02,male,22,,,1,31712,brm,FBgn0000212,RNAi,
12,RU_0,5_02,male,5,,,2,31712,brm,FBgn0000212,RNAi,
12,RU_0,5_02,male,48,,,3,31712,brm,FBgn0000212,RNAi,
12,RU_0,5_02,male,18,,,4,31712,brm,FBgn0000212,RNAi,
12,RU_0,5_02,male,18,,,5,31712,brm,FBgn0000212,RNAi,
12,RU_20,30_01,female,29,,,1,31712,brm,FBgn0000212,RNAi,
12,RU_20,30_01,female,,,,2,31712,brm,FBgn0000212,RNAi,
12,RU_20,30_01,female,,,,3,31712,brm,FBgn0000212,RNAi,
12,RU_20,30_01,female,,,,4,31712,brm,FBgn0000212,RNAi,
12,RU_20,30_01,female,,,,5,31712,brm,FBgn0000212,RNAi,
12,RU_20,1_02,female,23,,,1,31712,brm,FBgn0000212,RNAi,
12,RU_20,1_02,female,22,,,2,31712,brm,FBgn0000212,RNAi,
12,RU_20,1_02,female,27,,,3,31712,brm,FBgn0000212,RNAi,
12,RU_20,1_02,female,30,,,4,31712,brm,FBgn0000212,RNAi,
12,RU_20,1_02,female,24,,,5,31712,brm,FBgn0000212,RNAi,
12,RU_20,5_02,female,9,,,1,31712,brm,FBgn0000212,RNAi,
12,RU_20,5_02,female,8,,,2,31712,brm,FBgn0000212,RNAi,
12,RU_20,5_02,female,14,,,3,31712,brm,FBgn0000212,RNAi,
12,RU_20,5_02,female,8,,,4,31712,brm,FBgn0000212,RNAi,
12,RU_20,5_02,female,24,,,5,31712,brm,FBgn0000212,RNAi,
12,RU_20,30_01,male,13,,,1,31712,brm,FBgn0000212,RNAi,
12,RU_20,30_01,male,,,,2,31712,brm,FBgn0000212,RNAi,
12,RU_20,30_01,male,,,,3,31712,brm,FBgn0000212,RNAi,
12,RU_20,30_01,male,,,,4,31712,brm,FBgn0000212,RNAi,
12,RU_20,30_01,male,,,,5,31712,brm,FBgn0000212,RNAi,
12,RU_20,1_02,male,18,,,1,31712,brm,FBgn0000212,RNAi,
12,RU_20,1_02,male,14,,,2,31712,brm,FBgn0000212,RNAi,
12,RU_20,1_02,male,17,,,3,31712,brm,FBgn0000212,RNAi,
12,RU_20,1_02,male,20,,,4,31712,brm,FBgn0000212,RNAi,
12,RU_20,1_02,male,20,,,5,31712,brm,FBgn0000212,RNAi,
12,RU_20,5_02,male,8,,,1,31712,brm,FBgn0000212,RNAi,
12,RU_20,5_02,male,11,,,2,31712,brm,FBgn0000212,RNAi,
12,RU_20,5_02,male,26,,,3,31712,brm,FBgn0000212,RNAi,
12,RU_20,5_02,male,8,,,4,31712,brm,FBgn0000212,RNAi,
12,RU_20,5_02,male,13,,,5,31712,brm,FBgn0000212,RNAi,
13,RU_0,30_01,female,2,,,1,31053,HDAC6,FBgn0026428,RNAi,
13,RU_0,30_01,female,9,,,2,31053,HDAC6,FBgn0026428,RNAi,
13,RU_0,30_01,female,,,,3,31053,HDAC6,FBgn0026428,RNAi,
13,RU_0,30_01,female,9,,,4,31053,HDAC6,FBgn0026428,RNAi,
13,RU_0,30_01,female,8,,,5,31053,HDAC6,FBgn0026428,RNAi,
13,RU_0,1_02,female,51,,,1,31053,HDAC6,FBgn0026428,RNAi,
13,RU_0,1_02,female,27,,,2,31053,HDAC6,FBgn0026428,RNAi,
13,RU_0,1_02,female,25,,,3,31053,HDAC6,FBgn0026428,RNAi,
13,RU_0,1_02,female,28,,,4,31053,HDAC6,FBgn0026428,RNAi,
13,RU_0,1_02,female,57,,,5,31053,HDAC6,FBgn0026428,RNAi,
13,RU_0,5_02,female,10,,,1,31053,HDAC6,FBgn0026428,RNAi,
13,RU_0,5_02,female,22,,,2,31053,HDAC6,FBgn0026428,RNAi,
13,RU_0,5_02,female,2,,,3,31053,HDAC6,FBgn0026428,RNAi,
13,RU_0,5_02,female,10,,,4,31053,HDAC6,FBgn0026428,RNAi,
13,RU_0,5_02,female,11,,,5,31053,HDAC6,FBgn0026428,RNAi,
13,RU_0,30_01,male,1,,,1,31053,HDAC6,FBgn0026428,RNAi,
13,RU_0,30_01,male,4,,,2,31053,HDAC6,FBgn0026428,RNAi,
13,RU_0,30_01,male,,,,3,31053,HDAC6,FBgn0026428,RNAi,
13,RU_0,30_01,male,2,,,4,31053,HDAC6,FBgn0026428,RNAi,
13,RU_0,30_01,male,,,,5,31053,HDAC6,FBgn0026428,RNAi,
13,RU_0,1_02,male,35,,,1,31053,HDAC6,FBgn0026428,RNAi,
13,RU_0,1_02,male,31,,,2,31053,HDAC6,FBgn0026428,RNAi,
13,RU_0,1_02,male,27,,,3,31053,HDAC6,FBgn0026428,RNAi,
13,RU_0,1_02,male,21,,,4,31053,HDAC6,FBgn0026428,RNAi,
13,RU_0,1_02,male,41,,,5,31053,HDAC6,FBgn0026428,RNAi,
13,RU_0,5_02,male,20,,,1,31053,HDAC6,FBgn0026428,RNAi,
13,RU_0,5_02,male,25,,,2,31053,HDAC6,FBgn0026428,RNAi,
13,RU_0,5_02,male,8,,,3,31053,HDAC6,FBgn0026428,RNAi,
13,RU_0,5_02,male,15,,,4,31053,HDAC6,FBgn0026428,RNAi,
13,RU_0,5_02,male,18,,,5,31053,HDAC6,FBgn0026428,RNAi,
13,RU_20,30_01,female,,,,1,31053,HDAC6,FBgn0026428,RNAi,
13,RU_20,30_01,female,,,,2,31053,HDAC6,FBgn0026428,RNAi,
13,RU_20,30_01,female,,,,3,31053,HDAC6,FBgn0026428,RNAi,
13,RU_20,30_01,female,,,,4,31053,HDAC6,FBgn0026428,RNAi,
13,RU_20,30_01,female,,,,5,31053,HDAC6,FBgn0026428,RNAi,
13,RU_20,1_02,female,32,,,1,31053,HDAC6,FBgn0026428,RNAi,
13,RU_20,1_02,female,20,,,2,31053,HDAC6,FBgn0026428,RNAi,
13,RU_20,1_02,female,42,,,3,31053,HDAC6,FBgn0026428,RNAi,
13,RU_20,1_02,female,30,,,4,31053,HDAC6,FBgn0026428,RNAi,
13,RU_20,1_02,female,32,,,5,31053,HDAC6,FBgn0026428,RNAi,
13,RU_20,5_02,female,25,,,1,31053,HDAC6,FBgn0026428,RNAi,
13,RU_20,5_02,female,10,,,2,31053,HDAC6,FBgn0026428,RNAi,
13,RU_20,5_02,female,9,,,3,31053,HDAC6,FBgn0026428,RNAi,
13,RU_20,5_02,female,6,,,4,31053,HDAC6,FBgn0026428,RNAi,
13,RU_20,5_02,female,6,,,5,31053,HDAC6,FBgn0026428,RNAi,
13,RU_20,30_01,male,,,,1,31053,HDAC6,FBgn0026428,RNAi,
13,RU_20,30_01,male,,,,2,31053,HDAC6,FBgn0026428,RNAi,
13,RU_20,30_01,male,,,,3,31053,HDAC6,FBgn0026428,RNAi,
13,RU_20,30_01,male,,,,4,31053,HDAC6,FBgn0026428,RNAi,
13,RU_20,30_01,male,,,,5,31053,HDAC6,FBgn0026428,RNAi,
13,RU_20,1_02,male,18,,,1,31053,HDAC6,FBgn0026428,RNAi,
13,RU_20,1_02,male,22,,,2,31053,HDAC6,FBgn0026428,RNAi,
13,RU_20,1_02,male,32,,,3,31053,HDAC6,FBgn0026428,RNAi,
13,RU_20,1_02,male,7,,,4,31053,HDAC6,FBgn0026428,RNAi,
13,RU_20,1_02,male,28,,,5,31053,HDAC6,FBgn0026428,RNAi,
13,RU_20,5_02,male,12,,,1,31053,HDAC6,FBgn0026428,RNAi,
13,RU_20,5_02,male,10,,,2,31053,HDAC6,FBgn0026428,RNAi,
13,RU_20,5_02,male,12,,,3,31053,HDAC6,FBgn0026428,RNAi,
13,RU_20,5_02,male,4,,,4,31053,HDAC6,FBgn0026428,RNAi,
13,RU_20,5_02,male,3,,,5,31053,HDAC6,FBgn0026428,RNAi,
14,RU_0,30_01,female,,,,1,31524,rl,FBgn0003256,RNAi,
14,RU_0,30_01,female,,,,2,31524,rl,FBgn0003256,RNAi,
14,RU_0,30_01,female,,,,3,31524,rl,FBgn0003256,RNAi,
14,RU_0,30_01,female,,,,4,31524,rl,FBgn0003256,RNAi,
14,RU_0,30_01,female,,,,5,31524,rl,FBgn0003256,RNAi,
14,RU_0,1_02,female,50,,,1,31524,rl,FBgn0003256,RNAi,
14,RU_0,1_02,female,44,,,2,31524,rl,FBgn0003256,RNAi,
14,RU_0,1_02,female,71,,,3,31524,rl,FBgn0003256,RNAi,
14,RU_0,1_02,female,51,,,4,31524,rl,FBgn0003256,RNAi,
14,RU_0,1_02,female,64,,,5,31524,rl,FBgn0003256,RNAi,
14,RU_0,5_02,female,8,,,1,31524,rl,FBgn0003256,RNAi,
14,RU_0,5_02,female,21,,,2,31524,rl,FBgn0003256,RNAi,
14,RU_0,5_02,female,8,,,3,31524,rl,FBgn0003256,RNAi,
14,RU_0,5_02,female,11,,,4,31524,rl,FBgn0003256,RNAi,
14,RU_0,5_02,female,15,,,5,31524,rl,FBgn0003256,RNAi,
14,RU_0,30_01,male,,,,1,31524,rl,FBgn0003256,RNAi,
14,RU_0,30_01,male,,,,2,31524,rl,FBgn0003256,RNAi,
14,RU_0,30_01,male,,,,3,31524,rl,FBgn0003256,RNAi,
14,RU_0,30_01,male,,,,4,31524,rl,FBgn0003256,RNAi,
14,RU_0,30_01,male,,,,5,31524,rl,FBgn0003256,RNAi,
14,RU_0,1_02,male,36,,,1,31524,rl,FBgn0003256,RNAi,
14,RU_0,1_02,male,25,,,2,31524,rl,FBgn0003256,RNAi,
14,RU_0,1_02,male,41,,,3,31524,rl,FBgn0003256,RNAi,
14,RU_0,1_02,male,53,,,4,31524,rl,FBgn0003256,RNAi,
14,RU_0,1_02,male,61,,,5,31524,rl,FBgn0003256,RNAi,
14,RU_0,5_02,male,9,,,1,31524,rl,FBgn0003256,RNAi,
14,RU_0,5_02,male,39,,,2,31524,rl,FBgn0003256,RNAi,
14,RU_0,5_02,male,11,,,3,31524,rl,FBgn0003256,RNAi,
14,RU_0,5_02,male,18,,,4,31524,rl,FBgn0003256,RNAi,
14,RU_0,5_02,male,26,,,5,31524,rl,FBgn0003256,RNAi,
14,RU_20,30_01,female,,,,1,31524,rl,FBgn0003256,RNAi,
14,RU_20,30_01,female,,,,2,31524,rl,FBgn0003256,RNAi,
14,RU_20,30_01,female,,,,3,31524,rl,FBgn0003256,RNAi,
14,RU_20,30_01,female,,,,4,31524,rl,FBgn0003256,RNAi,
14,RU_20,30_01,female,,,,5,31524,rl,FBgn0003256,RNAi,
14,RU_20,1_02,female,11,,,1,31524,rl,FBgn0003256,RNAi,
14,RU_20,1_02,female,33,,,2,31524,rl,FBgn0003256,RNAi,
14,RU_20,1_02,female,33,,,3,31524,rl,FBgn0003256,RNAi,
14,RU_20,1_02,female,17,,,4,31524,rl,FBgn0003256,RNAi,
14,RU_20,1_02,female,25,,,5,31524,rl,FBgn0003256,RNAi,
14,RU_20,5_02,female,15,,,1,31524,rl,FBgn0003256,RNAi,
14,RU_20,5_02,female,20,,,2,31524,rl,FBgn0003256,RNAi,
14,RU_20,5_02,female,22,,,3,31524,rl,FBgn0003256,RNAi,
14,RU_20,5_02,female,9,,,4,31524,rl,FBgn0003256,RNAi,
14,RU_20,5_02,female,30,,,5,31524,rl,FBgn0003256,RNAi,
14,RU_20,30_01,male,,,,1,31524,rl,FBgn0003256,RNAi,
14,RU_20,30_01,male,,,,2,31524,rl,FBgn0003256,RNAi,
14,RU_20,30_01,male,,,,3,31524,rl,FBgn0003256,RNAi,
14,RU_20,30_01,male,,,,4,31524,rl,FBgn0003256,RNAi,
14,RU_20,30_01,male,,,,5,31524,rl,FBgn0003256,RNAi,
14,RU_20,1_02,male,12,,,1,31524,rl,FBgn0003256,RNAi,
14,RU_20,1_02,male,19,,,2,31524,rl,FBgn0003256,RNAi,
14,RU_20,1_02,male,29,,,3,31524,rl,FBgn0003256,RNAi,
14,RU_20,1_02,male,12,,,4,31524,rl,FBgn0003256,RNAi,
14,RU_20,1_02,male,16,,,5,31524,rl,FBgn0003256,RNAi,
14,RU_20,5_02,male,13,,,1,31524,rl,FBgn0003256,RNAi,
14,RU_20,5_02,male,20,,,2,31524,rl,FBgn0003256,RNAi,
14,RU_20,5_02,male,15,,,3,31524,rl,FBgn0003256,RNAi,
14,RU_20,5_02,male,14,,,4,31524,rl,FBgn0003256,RNAi,
14,RU_20,5_02,male,17,,,5,31524,rl,FBgn0003256,RNAi,
